{"cameraMode":{"drawMode":0,"name":"Shaded","section":"Shading Mode"},"sceneLighting":true,"audioPlay":false,"sceneViewState":{"m_AlwaysRefresh":false,"showFog":true,"showSkybox":true,"showFlares":true,"showImageEffects":true,"showParticleSystems":true,"showVisualEffectGraphs":true,"m_FxEnabled":true},"in2DMode":false,"pivot":{"x":-0.21448880434036256,"y":0.43353259563446047,"z":0.15791726112365724},"rotation":{"x":0.5549856424331665,"y":-0.03367011621594429,"z":0.022487370297312738,"w":0.8308643698692322},"size":6.618841171264648,"orthographic":true}